epoch,time,train/box_loss,train/cls_loss,train/dfl_loss,metrics/precision(B),metrics/recall(B),metrics/mAP50(B),metrics/mAP50-95(B),val/box_loss,val/cls_loss,val/dfl_loss,lr/pg0,lr/pg1,lr/pg2
1,136.256,2.14999,2.60359,1.73946,0.27422,0.23864,0.16949,0.06155,2.25081,5.11541,2.07586,0.000663477,0.000663477,0.000663477
2,261.508,2.11854,2.20151,1.762,0.44378,0.2856,0.30107,0.11505,2.22879,2.18171,1.89123,0.000891196,0.000891196,0.000891196
3,377.904,2.01873,2.01068,1.68279,0.53336,0.41563,0.44802,0.20454,1.84286,1.79871,1.65146,0.000678915,0.000678915,0.000678915
