epoch,time,train/box_loss,train/cls_loss,train/dfl_loss,metrics/precision(B),metrics/recall(B),metrics/mAP50(B),metrics/mAP50-95(B),val/box_loss,val/cls_loss,val/dfl_loss,lr/pg0,lr/pg1,lr/pg2
1,71.5017,2.19042,2.28683,1.902,0.06483,0.16911,0.03217,0.0106,2.74922,8.88381,2.76716,0.000665068,0.000665068,0.000665068
2,136.722,2.18666,2.15637,1.89113,0.45199,0.33124,0.32717,0.12779,2.27215,2.22879,2.00788,0.00106805,0.00106805,0.00106805
3,199.431,2.07252,1.99027,1.80903,0.40316,0.34801,0.31607,0.12681,2.23621,2.19907,1.99452,0.00120703,0.00120703,0.00120703
4,262.303,1.97224,1.80449,1.73189,0.51416,0.45038,0.46514,0.21264,1.99458,1.80856,1.79415,0.000812,0.000812,0.000812
5,327.794,1.85333,1.63618,1.65403,0.68684,0.52621,0.60942,0.30535,1.78992,1.43862,1.66178,0.000416,0.000416,0.000416
